Workbook

Sheet Prices
A1: Date | B1: NKE: Close | C1: GRMN: Close | D1: PTON: Close | E1: PLNT: Close | F1: SPY: Close | G1: XLY: Close | H1: QQQ: Close
A2: 46024 | B2: 63.28 | C2: 202.44 | D2: 6.12 | E2: 109.73 | F2: 683.17 | G2: 118.35 | H2: 613.12
A3: 46027 | B3: 64.53 | C3: 203.76 | D3: 6.22 | E3: 105.38 | F3: 687.72 | G3: 120.3 | H3: 617.99
A4: 46028 | B4: 65.35 | C4: 209.35 | D4: 6.6 | E4: 105.53 | F4: 691.81 | G4: 121.07 | H4: 623.42
A5: 46029 | B5: 63.22 | C5: 210.68 | D5: 6.6 | E5: 104.4 | F5: 689.58 | G5: 120.9 | H5: 624.02
A6: 46030 | B6: 65.26 | C6: 213.46 | D6: 6.72 | E6: 105.76 | F6: 689.51 | G6: 122.92 | H6: 620.47
A7: 46031 | B7: 65.92 | C7: 212.25 | D7: 6.84 | E7: 106.85 | F7: 694.07 | G7: 124.41 | H7: 626.65
A8: 46034 | B8: 65.64 | C8: 211.49 | D8: 6.61 | E8: 100.59 | F8: 695.16 | G8: 124.52 | H8: 627.17
A9: 46035 | B9: 66.3 | C9: 213.91 | D9: 7 | E9: 99.12 | F9: 693.77 | G9: 124.21 | H9: 626.24
A10: 46036 | B10: 65.57 | C10: 211.52 | D10: 6.57 | E10: 100.68 | F10: 690.36 | G10: 122.25 | H10: 619.55
A11: 46037 | B11: 64.59 | C11: 212.6 | D11: 6.7 | E11: 99.09 | F11: 692.24 | G11: 122.7 | H11: 621.78
A12: 46038 | B12: 64.38 | C12: 211.8 | D12: 6.33 | E12: 97.71 | F12: 691.66 | G12: 122.3 | H12: 621.26
A13: 46042 | B13: 63.63 | C13: 200.73 | D13: 5.86 | E13: 97.04 | F13: 677.58 | G13: 119.12 | H13: 608.06
... A66: 46119 | B66: 42.69 | C66: 241.27 | D66: 4.81 | E66: 74.24 | F66: 659.22 | G66: 107.77 | H66: 588.59

Sheet Returns
A1: Date | B1: NKE Return | C1: GRMN Return | D1: PTON Return | E1: PLNT Return | F1: SPY Return | G1: XLY Return | H1: QQQ Return
A2: 46024
A3: 46027 | B3: =(Prices!B3/Prices!B2)-1 -> 0.019753477 | C3: =(Prices!C3/Prices!C2)-1 -> 0.0065204505 | D3: =(Prices!D3/Prices!D2)-1 -> 0.016339869 | E3: =(Prices!E3/Prices!E2)-1 -> -0.03964276 | F3: =(Prices!F3/Prices!F2)-1 -> 0.0066601285 | G3: =(Prices!G3/Prices!G2)-1 -> 0.016476553 | H3: =(Prices!H3/Prices!H2)-1 -> 0.0079429802
A4: 46028 | B4: =(Prices!B4/Prices!B3)-1 -> 0.012707268 | C4: =(Prices!C4/Prices!C3)-1 -> 0.027434236 | D4: =(Prices!D4/Prices!D3)-1 -> 0.061093248 | E4: =(Prices!E4/Prices!E3)-1 -> 0.00142342 | F4: =(Prices!F4/Prices!F3)-1 -> 0.0059471878 | G4: =(Prices!G4/Prices!G3)-1 -> 0.006400665 | H4: =(Prices!H4/Prices!H3)-1 -> 0.0087865499
A5: 46029 | B5: =(Prices!B5/Prices!B4)-1 -> -0.032593726 | C5: =(Prices!C5/Prices!C4)-1 -> 0.0063529974 | D5: =(Prices!D5/Prices!D4)-1 -> 0 | E5: =(Prices!E5/Prices!E4)-1 -> -0.010707856 | F5: =(Prices!F5/Prices!F4)-1 -> -0.0032234284 | G5: =(Prices!G5/Prices!G4)-1 -> -0.0014041464 | H5: =(Prices!H5/Prices!H4)-1 -> 0.00096243303
A6: 46030 | B6: =(Prices!B6/Prices!B5)-1 -> 0.03226827 | C6: =(Prices!C6/Prices!C5)-1 -> 0.013195367 | D6: =(Prices!D6/Prices!D5)-1 -> 0.018181818 | E6: =(Prices!E6/Prices!E5)-1 -> 0.01302682 | F6: =(Prices!F6/Prices!F5)-1 -> -0.00010151106 | G6: =(Prices!G6/Prices!G5)-1 -> 0.016708023 | H6: =(Prices!H6/Prices!H5)-1 -> -0.0056889202
A7: 46031 | B7: =(Prices!B7/Prices!B6)-1 -> 0.010113393 | C7: =(Prices!C7/Prices!C6)-1 -> -0.0056685093 | D7: =(Prices!D7/Prices!D6)-1 -> 0.017857143 | E7: =(Prices!E7/Prices!E6)-1 -> 0.010306354 | F7: =(Prices!F7/Prices!F6)-1 -> 0.0066133921 | G7: =(Prices!G7/Prices!G6)-1 -> 0.012121705 | H7: =(Prices!H7/Prices!H6)-1 -> 0.0099601915
A8: 46034 | B8: =(Prices!B8/Prices!B7)-1 -> -0.0042475728 | C8: =(Prices!C8/Prices!C7)-1 -> -0.0035806832 | D8: =(Prices!D8/Prices!D7)-1 -> -0.033625731 | E8: =(Prices!E8/Prices!E7)-1 -> -0.058586804 | F8: =(Prices!F8/Prices!F7)-1 -> 0.0015704468 | G8: =(Prices!G8/Prices!G7)-1 -> 0.0008841733 | H8: =(Prices!H8/Prices!H7)-1 -> 0.0008298093
A9: 46035 | B9: =(Prices!B9/Prices!B8)-1 -> 0.010054845 | C9: =(Prices!C9/Prices!C8)-1 -> 0.011442621 | D9: =(Prices!D9/Prices!D8)-1 -> 0.059001513 | E9: =(Prices!E9/Prices!E8)-1 -> -0.014613779 | F9: =(Prices!F9/Prices!F8)-1 -> -0.0019995397 | G9: =(Prices!G9/Prices!G8)-1 -> -0.0024895599 | H9: =(Prices!H9/Prices!H8)-1 -> -0.0014828515
A10: 46036 | B10: =(Prices!B10/Prices!B9)-1 -> -0.011010558 | C10: =(Prices!C10/Prices!C9)-1 -> -0.011172923 | D10: =(Prices!D10/Prices!D9)-1 -> -0.061428571 | E10: =(Prices!E10/Prices!E9)-1 -> 0.015738499 | F10: =(Prices!F10/Prices!F9)-1 -> -0.0049151736 | G10: =(Prices!G10/Prices!G9)-1 -> -0.015779728 | H10: =(Prices!H10/Prices!H9)-1 -> -0.010682805
A11: 46037 | B11: =(Prices!B11/Prices!B10)-1 -> -0.014945859 | C11: =(Prices!C11/Prices!C10)-1 -> 0.0051059002 | D11: =(Prices!D11/Prices!D10)-1 -> 0.01978691 | E11: =(Prices!E11/Prices!E10)-1 -> -0.01579261 | F11: =(Prices!F11/Prices!F10)-1 -> 0.0027232169 | G11: =(Prices!G11/Prices!G10)-1 -> 0.0036809816 | H11: =(Prices!H11/Prices!H10)-1 -> 0.0035993867
A12: 46038 | B12: =(Prices!B12/Prices!B11)-1 -> -0.0032512773 | C12: =(Prices!C12/Prices!C11)-1 -> -0.0037629351 | D12: =(Prices!D12/Prices!D11)-1 -> -0.055223881 | E12: =(Prices!E12/Prices!E11)-1 -> -0.013926733 | F12: =(Prices!F12/Prices!F11)-1 -> -0.0008378597 | G12: =(Prices!G12/Prices!G11)-1 -> -0.0032599837 | H12: =(Prices!H12/Prices!H11)-1 -> -0.00083630866
A13: 46042 | B13: =(Prices!B13/Prices!B12)-1 -> -0.011649581 | C13: =(Prices!C13/Prices!C12)-1 -> -0.052266289 | D13: =(Prices!D13/Prices!D12)-1 -> -0.074249605 | E13: =(Prices!E13/Prices!E12)-1 -> -0.0068570259 | F13: =(Prices!F13/Prices!F12)-1 -> -0.020356823 | G13: =(Prices!G13/Prices!G12)-1 -> -0.026001635 | H13: =(Prices!H13/Prices!H12)-1 -> -0.021247143
A14: 46043 | B14: =(Prices!B14/Prices!B13)-1 -> 0.027974226 | C14: =(Prices!C14/Prices!C13)-1 -> 0.019130175 | D14: =(Prices!D14/Prices!D13)-1 -> 0 | E14: =(Prices!E14/Prices!E13)-1 -> -0.0012366035 | F14: =(Prices!F14/Prices!F13)-1 -> 0.011541073 | G14: =(Prices!G14/Prices!G13)-1 -> 0.019140363 | H14: =(Prices!H14/Prices!H13)-1 -> 0.013518403
... A66: 46119 | B66: =(Prices!B66/Prices!B65)-1 -> -0.030433795 | C66: =(Prices!C66/Prices!C65)-1 -> -0.0062605544 | D66: =(Prices!D66/Prices!D65)-1 -> 0.034408602 | E66: =(Prices!E66/Prices!E65)-1 -> 0.01034295 | F66: =(Prices!F66/Prices!F65)-1 -> 0.00044010745 | G66: =(Prices!G66/Prices!G65)-1 -> -0.011647102 | H66: =(Prices!H66/Prices!H65)-1 -> 0.00015293118

Sheet Summary
A1: Company | B1: BETA vs SPY | C1: Beta vs XLY | D1: BETA vs QQQ | E1: R^2 vs SPY | F1: P/E | G1: Notes
A2: NKE | B2: =SLOPE(Returns!B3:B21,Returns!F3:F21) -> 1.0699531 | C2: =SLOPE(Returns!B3:B21,Returns!G3:G21) -> 0.90036238 | D2: =SLOPE(Returns!B3:B21,Returns!H3:H21) -> 0.45869339 | E2: =RSQ(Returns!B3:B21,Returns!F3:F21) -> 0.16814644 | F2: 28.32 | G2: Athletic footwear, apparel, equipment, services
A3: GRMN | B3: =SLOPE(Returns!B3:B21,Returns!G3:G21) -> 0.90036238 | C3: =SLOPE(Returns!B4:B22,Returns!G4:G22) -> 0.85245548 | D3: =SLOPE(Returns!B4:B22,Returns!H4:H22) -> 0.38524237 | E3: =RSQ(Returns!B4:B22,Returns!F4:F22) -> 0.14615026 | F3: 29.38 | G3: Fitness tech, wearables, GPS
A4: PTON | B4: =SLOPE(Returns!B3:B21,Returns!H3:H21) -> 0.45869339 | C4: =SLOPE(Returns!B5:B23,Returns!G5:G23) -> 0.86414369 | D4: =SLOPE(Returns!B5:B23,Returns!H5:H23) -> 0.43262985 | E4: =RSQ(Returns!B5:B23,Returns!F5:F23) -> 0.16062447 | G4: negative P/E historically, between -16.16, -38.17, at home fitness equipment/platform/streaming
A5: PLNT | B5: =RSQ(Returns!B3:B21,Returns!F3:F21) -> 0.16814644 | C5: =SLOPE(Returns!B6:B24,Returns!G6:G24) -> 0.64070232 | D5: =SLOPE(Returns!B6:B24,Returns!H6:H24) -> -0.10241078 | E5: =RSQ(Returns!B6:B24,Returns!F6:F24) -> 0.036366809 | F5: 28.38 | G5: fitness gym, franchise, gym equipment
